[
    {
        "_id": "adv001",
        "title": "River Rafting in Rishikesh",
        "location": "Rishikesh",
        "difficulty": "Intermediate",
        "price": 1500,
        "duration": "2 days",
        "availableDates": [
            "2025-08-10",
            "2025-08-17"
        ]
    },
    {
        "_id": "adv002",
        "title": "Paragliding in Bir",
        "location": "Bir Billing",
        "difficulty": "Beginner",
        "price": 2000,
        "duration": "1 day",
        "availableDates": [
            "2025-09-01",
            "2025-09-15"
        ]
    }
]